START,STOP,PATIENT,PAYER,ENCOUNTER,CODE,DESCRIPTION,BASE_COST,PAYER_COVERAGE,DISPENSES,TOTALCOST,REASONCODE,REASONDESCRIPTION
2015-02-27T01:39:00Z,2016-02-22T01:39:00Z,d611fb6a-701b-7ffb-68de-20cfea0a223f,d31fccc3-1767-390d-966a-22a5156f4219,a2980770-f3c1-2be0-66b4-c3be0fcb10d1,748962,Camila 28 Day Pack,235.36,0.00,12,2824.32,,
2015-10-24T04:04:54Z,2015-11-03T19:04:54Z,ecce4a02-a447-2126-cc46-e7790a508389,26aab0cd-6aba-3e1b-ac5b-05c8867e762c,a53326c7-faa7-a417-0f52-c035c88a4f08,834061,Penicillin V Potassium 250 MG Oral Tablet,12.38,0.00,1,12.38,43878008,Streptococcal sore throat (disorder)
2016-05-06T17:41:42Z,2016-08-26T17:41:42Z,ab0cf39c-43a4-4eb4-1375-984c6a0fade2,26aab0cd-6aba-3e1b-ac5b-05c8867e762c,793a8090-427e-7ac8-aca7-dfbba0d4a71b,198405,Ibuprofen 100 MG Oral Tablet,103.90,0.00,3,311.70,,
2016-05-17T13:52:43Z,2017-04-27T14:04:19Z,9b10cd86-f77c-1afd-958f-8236ec49d73c,d31fccc3-1767-390d-966a-22a5156f4219,52e82176-6c3c-cba4-0e9b-ea3cdc2d7c6d,1000126,1 ML medroxyPROGESTERone acetate 150 MG/ML Injection,25.27,0.00,11,277.97,,
2015-09-29T22:30:54Z,2015-09-30T12:30:54Z,d611fb6a-701b-7ffb-68de-20cfea0a223f,d31fccc3-1767-390d-966a-22a5156f4219,da519c86-9a57-6dff-ee8f-657dfbcaaa3d,197511,ciprofloxacin 250 MG Oral Tablet,129.94,0.00,1,129.94,307426000,Acute infective cystitis (disorder)
2016-02-22T01:39:00Z,2017-02-16T01:39:00Z,d611fb6a-701b-7ffb-68de-20cfea0a223f,d31fccc3-1767-390d-966a-22a5156f4219,fb85f0f9-d0ad-d9cc-5300-413a9b63aeb7,978950,Natazia 28 Day Pack,537.02,429.62,12,6444.24,,
2016-02-04T14:32:24Z,2016-02-04T14:32:24Z,ecce4a02-a447-2126-cc46-e7790a508389,26aab0cd-6aba-3e1b-ac5b-05c8867e762c,9f5430ab-9419-3d3b-4e54-ac78b3bd7681,1535362,sodium fluoride 0.0272 MG/MG Oral Gel,129.94,0.00,1,129.94,66383009,Gingivitis (disorder)
2017-10-20T12:04:54Z,2017-11-25T12:04:54Z,ecce4a02-a447-2126-cc46-e7790a508389,26aab0cd-6aba-3e1b-ac5b-05c8867e762c,2bee2caa-15ff-56d5-db67-7ee98491fa4a,849574,Naproxen sodium 220 MG Oral Tablet,91.72,0.00,1,91.72,,
2017-01-18T21:20:07Z,2017-02-04T21:20:07Z,d611fb6a-701b-7ffb-68de-20cfea0a223f,d31fccc3-1767-390d-966a-22a5156f4219,51e1a997-3cfc-bc2d-715b-ce057aa5df38,849574,Naproxen sodium 220 MG Oral Tablet,91.72,73.38,1,91.72,,
2019-12-09T23:51:09Z,2019-12-09T23:51:09Z,edc9d324-1955-bf19-ce52-9ae9fe334cd1,df166300-5a78-3502-a46a-832842197811,b3a2a4a4-96a0-6c2d-0f44-c572a3d30d84,1535362,sodium fluoride 0.0272 MG/MG Oral Gel,129.94,79.94,1,129.94,66383009,Gingivitis (disorder)
2018-02-11T01:39:00Z,2019-02-06T01:39:00Z,d611fb6a-701b-7ffb-68de-20cfea0a223f,d31fccc3-1767-390d-966a-22a5156f4219,80cfdca6-1757-c626-84e6-ccfd19abda0e,751905,Trinessa 28 Day Pack,764.40,611.52,12,9172.80,,
2020-02-01T01:39:00Z,2021-01-26T01:39:00Z,d611fb6a-701b-7ffb-68de-20cfea0a223f,d31fccc3-1767-390d-966a-22a5156f4219,6b05b502-7880-1c04-b917-03799d45a6a7,751905,Trinessa 28 Day Pack,543.82,0.00,12,6525.84,,
2024-09-30T23:03:59Z,2024-09-30T23:03:59Z,edc9d324-1955-bf19-ce52-9ae9fe334cd1,df166300-5a78-3502-a46a-832842197811,f45e7c16-8c66-dc6d-6d0f-ffd5255380d3,1535362,sodium fluoride 0.0272 MG/MG Oral Gel,129.94,79.94,1,129.94,66383009,Gingivitis (disorder)
2019-09-09T04:04:54Z,2019-09-26T04:04:54Z,ecce4a02-a447-2126-cc46-e7790a508389,26aab0cd-6aba-3e1b-ac5b-05c8867e762c,ec98dfe7-cbce-e549-8e4b-4abe424ca359,562251,Amoxicillin 250 MG / Clavulanate 125 MG Oral Tablet,45.86,0.00,1,45.86,444814009,Viral sinusitis (disorder)
2017-08-03T13:26:27Z,2018-07-29T13:26:27Z,9b10cd86-f77c-1afd-958f-8236ec49d73c,d31fccc3-1767-390d-966a-22a5156f4219,9dfe333b-a45b-1723-b3ef-d2f3304aa37d,751905,Trinessa 28 Day Pack,457.05,365.64,12,5484.60,,
2020-07-18T13:26:27Z,2021-07-18T06:15:28Z,9b10cd86-f77c-1afd-958f-8236ec49d73c,d31fccc3-1767-390d-966a-22a5156f4219,c105e611-8da2-f858-420b-8bb1df03581c,1856546,Kyleena 19.5 MG Intrauterine System,11.28,0.00,12,135.36,,
2019-09-16T19:41:58Z,2019-09-16T19:41:58Z,ab0cf39c-43a4-4eb4-1375-984c6a0fade2,26aab0cd-6aba-3e1b-ac5b-05c8867e762c,cc8a17c2-0d1c-c109-3efe-42785892998a,1535362,sodium fluoride 0.0272 MG/MG Oral Gel,129.94,0.00,1,129.94,66383009,Gingivitis (disorder)
2015-09-05T05:28:40Z,2015-09-17T22:28:40Z,95fc45d3-694a-e855-f5c5-b27f62006b65,b046940f-1664-3047-bca7-dfa76be352a4,b335753c-d245-c518-1132-9a40919cb72e,834061,Penicillin V Potassium 250 MG Oral Tablet,91.37,0.00,1,91.37,43878008,Streptococcal sore throat (disorder)
2020-07-08T17:41:42Z,2020-08-17T17:41:42Z,ab0cf39c-43a4-4eb4-1375-984c6a0fade2,26aab0cd-6aba-3e1b-ac5b-05c8867e762c,94001d13-e10e-baac-218f-589d6a4124f7,313820,Acetaminophen 160 MG Chewable Tablet,99.92,0.00,1,99.92,,
2021-09-27T21:23:49Z,2021-09-27T21:23:49Z,ab0cf39c-43a4-4eb4-1375-984c6a0fade2,26aab0cd-6aba-3e1b-ac5b-05c8867e762c,51e06c07-da43-a58a-7c9d-e4701e0e6128,1535362,sodium fluoride 0.0272 MG/MG Oral Gel,129.94,0.00,1,129.94,66383009,Gingivitis (disorder)
2022-10-03T20:37:51Z,2022-10-03T20:37:51Z,ab0cf39c-43a4-4eb4-1375-984c6a0fade2,26aab0cd-6aba-3e1b-ac5b-05c8867e762c,7f35370c-ec2d-89c9-f534-187f39df5398,1535362,sodium fluoride 0.0272 MG/MG Oral Gel,129.94,0.00,1,129.94,103697008,Patient referral for dental care (procedure)
2022-09-21T12:31:15Z,2022-10-07T12:31:15Z,ecce4a02-a447-2126-cc46-e7790a508389,26aab0cd-6aba-3e1b-ac5b-05c8867e762c,65688934-4f30-d618-c582-4818ceba1b56,849574,Naproxen sodium 220 MG Oral Tablet,91.72,0.00,1,91.72,,
2016-10-18T21:48:30Z,2016-10-25T21:48:30Z,95fc45d3-694a-e855-f5c5-b27f62006b65,b046940f-1664-3047-bca7-dfa76be352a4,a99cddc4-73f2-bdf1-4325-47261fb83281,1043400,Acetaminophen 21.7 MG/ML / Dextromethorphan Hydrobromide 1 MG/ML / doxylamine succinate 0.417 MG/ML Oral Solution,183.45,0.00,1,183.45,10509002,Acute bronchitis (disorder)
2020-05-27T23:17:29Z,2020-05-27T23:17:29Z,d611fb6a-701b-7ffb-68de-20cfea0a223f,d31fccc3-1767-390d-966a-22a5156f4219,cc3aaf73-e1f0-ddad-9a92-dfd44b2230ad,1535362,sodium fluoride 0.0272 MG/MG Oral Gel,129.94,0.00,1,129.94,66383009,Gingivitis (disorder)
2021-01-26T01:39:00Z,2022-01-21T01:59:42Z,d611fb6a-701b-7ffb-68de-20cfea0a223f,d31fccc3-1767-390d-966a-22a5156f4219,12b97e4c-ccc4-8f20-eaf3-65d88b37b768,389221,Etonogestrel 68 MG Drug Implant,52.48,41.98,12,629.76,,
2018-03-11T05:28:40Z,2018-03-25T05:28:40Z,95fc45d3-694a-e855-f5c5-b27f62006b65,b046940f-1664-3047-bca7-dfa76be352a4,30af25ca-ad22-aa55-73cb-1ede0dfd53ce,308192,Amoxicillin 500 MG Oral Tablet,58.79,0.00,1,58.79,,
2018-03-11T05:28:40Z,2018-03-25T05:28:40Z,95fc45d3-694a-e855-f5c5-b27f62006b65,b046940f-1664-3047-bca7-dfa76be352a4,30af25ca-ad22-aa55-73cb-1ede0dfd53ce,198405,Ibuprofen 100 MG Oral Tablet,49.59,0.00,1,49.59,,
2025-03-13T15:21:56Z,2025-03-13T15:21:56Z,ecce4a02-a447-2126-cc46-e7790a508389,26aab0cd-6aba-3e1b-ac5b-05c8867e762c,89258ac2-570c-a103-8141-7868bd3fa8f6,1535362,sodium fluoride 0.0272 MG/MG Oral Gel,129.94,0.00,1,129.94,103697008,Patient referral for dental care (procedure)
2022-06-02T16:15:50Z,2022-06-02T16:15:50Z,9b10cd86-f77c-1afd-958f-8236ec49d73c,d31fccc3-1767-390d-966a-22a5156f4219,034b707c-ebfb-603f-2d82-c54849257437,1535362,sodium fluoride 0.0272 MG/MG Oral Gel,129.94,0.00,1,129.94,66383009,Gingivitis (disorder)
2022-07-13T06:15:28Z,2023-07-11T00:02:00Z,9b10cd86-f77c-1afd-958f-8236ec49d73c,d31fccc3-1767-390d-966a-22a5156f4219,e27c8f92-1ab2-1a7f-b9c4-0164ea4394fb,807283,Mirena 52 MG Intrauterine System,10.00,8.00,12,120.00,,
2023-01-16T01:59:42Z,2024-01-11T01:59:42Z,d611fb6a-701b-7ffb-68de-20cfea0a223f,d31fccc3-1767-390d-966a-22a5156f4219,8489b8fa-8790-6247-80d6-f5df6acbc0f4,757594,Jolivette 28 Day Pack,764.40,611.52,12,9172.80,,
2024-01-11T01:59:42Z,2025-01-05T01:59:42Z,d611fb6a-701b-7ffb-68de-20cfea0a223f,d31fccc3-1767-390d-966a-22a5156f4219,4377ceb6-8588-46da-7f89-0edea79f3308,749762,Seasonique 91 Day Pack,229.32,0.00,12,2751.84,,
2025-01-05T01:59:42Z,2025-01-05T01:59:42Z,d611fb6a-701b-7ffb-68de-20cfea0a223f,d31fccc3-1767-390d-966a-22a5156f4219,57e00d23-c0ab-edf6-b757-3144aea065f4,807283,Mirena 52 MG Intrauterine System,10.00,0.00,1,10.00,,
2021-06-05T05:28:40Z,2021-06-19T05:28:40Z,95fc45d3-694a-e855-f5c5-b27f62006b65,b046940f-1664-3047-bca7-dfa76be352a4,de0fd17a-4168-4035-e17f-aced2c098cd3,562251,Amoxicillin 250 MG / Clavulanate 125 MG Oral Tablet,190.99,0.00,1,190.99,444814009,Viral sinusitis (disorder)
2023-07-11T00:02:00Z,2024-07-05T00:02:00Z,9b10cd86-f77c-1afd-958f-8236ec49d73c,d31fccc3-1767-390d-966a-22a5156f4219,aedb0b21-4290-e092-7437-1d544bd1a39e,748856,Yaz 28 Day Pack,229.32,0.00,12,2751.84,,
2024-07-05T00:02:00Z,,9b10cd86-f77c-1afd-958f-8236ec49d73c,d31fccc3-1767-390d-966a-22a5156f4219,b4e83338-291b-9942-5520-5373bcf464d5,749762,Seasonique 91 Day Pack,764.40,0.00,9,6879.60,,
2023-07-29T08:32:05Z,2023-07-29T08:32:05Z,95fc45d3-694a-e855-f5c5-b27f62006b65,b046940f-1664-3047-bca7-dfa76be352a4,660b8e48-2f1d-b096-1f7c-f421d486639d,1535362,sodium fluoride 0.0272 MG/MG Oral Gel,129.94,0.00,1,129.94,103697008,Patient referral for dental care (procedure)
2024-08-03T12:57:54Z,2024-08-03T12:57:54Z,95fc45d3-694a-e855-f5c5-b27f62006b65,b046940f-1664-3047-bca7-dfa76be352a4,101dedbb-3e2c-b2a8-fa53-9e7e8973bde9,1535362,sodium fluoride 0.0272 MG/MG Oral Gel,129.94,0.00,1,129.94,103697008,Patient referral for dental care (procedure)
2015-02-03T22:25:05Z,2016-01-29T22:25:05Z,2b72f634-7126-9a8c-0abf-1314e9fc1d8f,0133f751-9229-3cfd-815f-b6d4979bdd6a,70623342-300a-496b-4a66-64584c7c2908,757594,Jolivette 28 Day Pack,764.40,0.00,12,9172.80,,
2016-01-29T22:25:05Z,2017-01-23T22:25:05Z,2b72f634-7126-9a8c-0abf-1314e9fc1d8f,0133f751-9229-3cfd-815f-b6d4979bdd6a,0d5a772a-d731-8e4d-19e6-59479a5c96c7,748962,Camila 28 Day Pack,229.32,0.00,12,2751.84,,
2016-12-06T22:45:35Z,2017-01-26T22:45:35Z,2b72f634-7126-9a8c-0abf-1314e9fc1d8f,0133f751-9229-3cfd-815f-b6d4979bdd6a,0d31f4e1-18fe-059b-0122-8a480132e27c,308182,Amoxicillin 250 MG Oral Capsule,138.77,83.26,3,416.31,,
2016-12-06T22:45:35Z,2017-01-11T22:25:05Z,2b72f634-7126-9a8c-0abf-1314e9fc1d8f,0133f751-9229-3cfd-815f-b6d4979bdd6a,0d31f4e1-18fe-059b-0122-8a480132e27c,861467,Meperidine Hydrochloride 50 MG Oral Tablet,113.00,67.80,2,226.00,,
2016-12-06T22:45:35Z,2017-01-26T22:45:35Z,2b72f634-7126-9a8c-0abf-1314e9fc1d8f,0133f751-9229-3cfd-815f-b6d4979bdd6a,0d31f4e1-18fe-059b-0122-8a480132e27c,849574,Naproxen sodium 220 MG Oral Tablet,156.83,94.10,1,156.83,,
2018-01-27T00:20:50Z,2018-01-28T09:30:50Z,2b72f634-7126-9a8c-0abf-1314e9fc1d8f,0133f751-9229-3cfd-815f-b6d4979bdd6a,ad162d32-bfb1-26bb-2f65-0b82002f4abb,808917,fosfomycin 3000 MG Powder,129.94,0.00,1,129.94,307426000,Acute infective cystitis (disorder)
2018-06-20T03:25:05Z,2018-06-27T18:25:05Z,2b72f634-7126-9a8c-0abf-1314e9fc1d8f,0133f751-9229-3cfd-815f-b6d4979bdd6a,7bc58c37-e719-665f-526f-aaf1a1ae980e,834102,Penicillin V Potassium 500 MG Oral Tablet,179.48,179.48,1,179.48,43878008,Streptococcal sore throat (disorder)
2020-02-25T06:40:04Z,2020-03-08T06:40:04Z,2b72f634-7126-9a8c-0abf-1314e9fc1d8f,df166300-5a78-3502-a46a-832842197811,d4e0566d-b692-2576-1110-24d95784b6d6,1043400,Acetaminophen 21.7 MG/ML / Dextromethorphan Hydrobromide 1 MG/ML / doxylamine succinate 0.417 MG/ML Oral Solution,61.15,11.15,1,61.15,10509002,Acute bronchitis (disorder)
2015-11-19T20:26:45Z,2016-08-31T03:12:07Z,7c116451-e7b2-0fbe-ac12-b5c7fc173689,26aab0cd-6aba-3e1b-ac5b-05c8867e762c,4b4b93b0-5712-155d-4aa3-51e7bd6d3f36,1000126,1 ML medroxyprogesterone acetate 150 MG/ML Injection,11.10,0.00,9,99.90,,
2016-11-13T20:46:06Z,2017-11-08T21:00:58Z,7c116451-e7b2-0fbe-ac12-b5c7fc173689,26aab0cd-6aba-3e1b-ac5b-05c8867e762c,c76a2997-1156-5486-eb1c-2b9cb448d338,1000126,1 ML medroxyprogesterone acetate 150 MG/ML Injection,10.19,10.19,12,122.28,,
2017-11-08T21:00:58Z,2018-11-03T21:00:58Z,7c116451-e7b2-0fbe-ac12-b5c7fc173689,26aab0cd-6aba-3e1b-ac5b-05c8867e762c,dbd74832-b1c2-890c-1da9-a3c36e850360,1367439,NuvaRing 0.12/0.015 MG per 24HR 21 Day Vaginal System,229.32,137.59,12,2751.84,,
2019-05-15T05:09:16Z,2019-05-15T05:09:16Z,7c116451-e7b2-0fbe-ac12-b5c7fc173689,26aab0cd-6aba-3e1b-ac5b-05c8867e762c,89146f6b-546c-7d72-9b26-c9cffd457d4c,1535362,sodium fluoride 0.0272 MG/MG Oral Gel,129.94,129.94,1,129.94,103697008,Patient referral for dental care (procedure)
2020-02-01T06:02:03Z,2020-03-03T02:02:28Z,7c116451-e7b2-0fbe-ac12-b5c7fc173689,26aab0cd-6aba-3e1b-ac5b-05c8867e762c,7d444d28-e7c6-188f-ea7d-187b2d770825,857005,Acetaminophen 325 MG / HYDROcodone Bitartrate 7.5 MG Oral Tablet,25.61,25.61,2,51.22,,
2020-02-01T06:02:03Z,2020-03-24T06:16:10Z,7c116451-e7b2-0fbe-ac12-b5c7fc173689,26aab0cd-6aba-3e1b-ac5b-05c8867e762c,7d444d28-e7c6-188f-ea7d-187b2d770825,310965,Ibuprofen 200 MG Oral Tablet,118.98,118.98,1,118.98,,
2021-05-26T05:22:58Z,2021-05-26T05:22:58Z,7c116451-e7b2-0fbe-ac12-b5c7fc173689,26aab0cd-6aba-3e1b-ac5b-05c8867e762c,419c1340-f235-7f05-f347-61b799cf1595,1535362,sodium fluoride 0.0272 MG/MG Oral Gel,129.94,0.00,1,129.94,103697008,Patient referral for dental care (procedure)
2022-04-07T07:38:10Z,2022-06-10T02:02:28Z,7c116451-e7b2-0fbe-ac12-b5c7fc173689,26aab0cd-6aba-3e1b-ac5b-05c8867e762c,0b06c755-0ee6-68d0-1429-a2a8e64f9225,857005,Acetaminophen 325 MG / HYDROcodone Bitartrate 7.5 MG Oral Tablet,3.33,0.00,4,13.32,,
2022-04-07T07:38:10Z,2022-08-04T07:38:10Z,7c116451-e7b2-0fbe-ac12-b5c7fc173689,26aab0cd-6aba-3e1b-ac5b-05c8867e762c,0b06c755-0ee6-68d0-1429-a2a8e64f9225,313782,Acetaminophen 325 MG Oral Tablet,45.86,0.00,3,137.58,,
2023-05-24T02:02:28Z,2023-05-24T02:02:28Z,7c116451-e7b2-0fbe-ac12-b5c7fc173689,26aab0cd-6aba-3e1b-ac5b-05c8867e762c,bf516b13-625e-5248-3c5f-4ab5b3e14f5e,308136,amLODIPine 2.5 MG Oral Tablet,0.91,0.00,1,0.91,59621000,Essential hypertension (disorder)
2023-05-24T02:02:28Z,2024-05-29T02:02:28Z,7c116451-e7b2-0fbe-ac12-b5c7fc173689,26aab0cd-6aba-3e1b-ac5b-05c8867e762c,bf516b13-625e-5248-3c5f-4ab5b3e14f5e,308136,amLODIPine 2.5 MG Oral Tablet,0.94,0.00,4,3.76,59621000,Essential hypertension (disorder)
2024-05-29T02:02:28Z,2024-10-02T02:02:28Z,7c116451-e7b2-0fbe-ac12-b5c7fc173689,26aab0cd-6aba-3e1b-ac5b-05c8867e762c,a1d79740-a520-9cec-0b32-e9c8602e0fd4,308136,amLODIPine 2.5 MG Oral Tablet,0.91,0.00,1,0.91,59621000,Essential hypertension (disorder)
2024-09-23T17:16:03Z,2024-10-08T17:16:03Z,7c116451-e7b2-0fbe-ac12-b5c7fc173689,26aab0cd-6aba-3e1b-ac5b-05c8867e762c,9d744f1f-bb65-01ae-b5fd-caa2d3fd70eb,313782,Acetaminophen 325 MG Oral Tablet,45.86,0.00,1,45.86,10509002,Acute bronchitis (disorder)
2024-10-02T02:02:28Z,,7c116451-e7b2-0fbe-ac12-b5c7fc173689,26aab0cd-6aba-3e1b-ac5b-05c8867e762c,11962c24-b72a-5176-1b8e-7cced460a4a5,308136,amLODIPine 2.5 MG Oral Tablet,0.91,0.00,2,1.82,59621000,Essential hypertension (disorder)
2015-02-01T06:04:01Z,2016-02-07T06:04:01Z,41bc5809-ccdf-2215-dc4f-83f4520ada66,a735bf55-83e9-331a-899d-a82a60b9f60c,4cf4285e-bbd8-1b5e-445c-ee1f82ee6675,310798,Hydrochlorothiazide 25 MG Oral Tablet,0.50,0.00,4,2.00,59621000,Essential hypertension (disorder)
2016-02-07T06:04:01Z,2017-02-12T06:04:01Z,41bc5809-ccdf-2215-dc4f-83f4520ada66,a735bf55-83e9-331a-899d-a82a60b9f60c,ee99f57e-4f3a-c73b-7d9d-7300779de35c,310798,Hydrochlorothiazide 25 MG Oral Tablet,0.45,0.00,4,1.80,59621000,Essential hypertension (disorder)
2016-02-21T09:12:01Z,2016-02-21T09:12:01Z,41bc5809-ccdf-2215-dc4f-83f4520ada66,a735bf55-83e9-331a-899d-a82a60b9f60c,076a0353-4b56-57c6-d53c-94184068a11b,1535362,sodium fluoride 0.0272 MG/MG Oral Gel,129.94,103.95,1,129.94,103697008,Patient referral for dental care (procedure)
2017-02-12T06:04:01Z,2018-02-18T06:04:01Z,41bc5809-ccdf-2215-dc4f-83f4520ada66,a735bf55-83e9-331a-899d-a82a60b9f60c,819c286c-2aba-7017-7032-7ff2151ec0cf,310798,Hydrochlorothiazide 25 MG Oral Tablet,0.45,0.00,4,1.80,59621000,Essential hypertension (disorder)
2017-02-26T08:51:10Z,2017-02-26T08:51:10Z,41bc5809-ccdf-2215-dc4f-83f4520ada66,a735bf55-83e9-331a-899d-a82a60b9f60c,63342455-53c8-a9b4-a0d4-095949361aca,1535362,sodium fluoride 0.0272 MG/MG Oral Gel,129.94,103.95,1,129.94,66383009,Gingivitis (disorder)
2018-02-18T06:04:01Z,2019-02-24T06:04:01Z,41bc5809-ccdf-2215-dc4f-83f4520ada66,a735bf55-83e9-331a-899d-a82a60b9f60c,85c4944b-fb3f-2ccc-20ef-dfe03c488ca8,310798,Hydrochlorothiazide 25 MG Oral Tablet,0.45,0.00,4,1.80,59621000,Essential hypertension (disorder)
2019-02-24T06:04:01Z,2019-07-14T06:04:01Z,41bc5809-ccdf-2215-dc4f-83f4520ada66,a735bf55-83e9-331a-899d-a82a60b9f60c,a5450f15-cf67-fca1-3595-e86031c12772,310798,Hydrochlorothiazide 25 MG Oral Tablet,0.45,0.00,1,0.45,59621000,Essential hypertension (disorder)
2019-07-14T06:04:01Z,2020-03-01T06:04:01Z,41bc5809-ccdf-2215-dc4f-83f4520ada66,a735bf55-83e9-331a-899d-a82a60b9f60c,4cf8445f-c193-c96c-1276-d1e5643b5e3c,310798,Hydrochlorothiazide 25 MG Oral Tablet,0.45,0.36,2,0.90,59621000,Essential hypertension (disorder)
2020-03-01T06:04:01Z,2021-03-07T06:04:01Z,41bc5809-ccdf-2215-dc4f-83f4520ada66,a735bf55-83e9-331a-899d-a82a60b9f60c,d7f70204-8b67-bd16-3d84-6291761cb76f,310798,Hydrochlorothiazide 25 MG Oral Tablet,0.45,0.00,4,1.80,59621000,Essential hypertension (disorder)
2021-03-07T06:04:01Z,2022-03-13T06:04:01Z,41bc5809-ccdf-2215-dc4f-83f4520ada66,a735bf55-83e9-331a-899d-a82a60b9f60c,e04b6215-e05c-fd53-d045-4a7bdf2ff6de,310798,Hydrochlorothiazide 25 MG Oral Tablet,0.45,0.36,4,1.80,59621000,Essential hypertension (disorder)
2021-03-21T08:48:21Z,2021-03-21T08:48:21Z,41bc5809-ccdf-2215-dc4f-83f4520ada66,a735bf55-83e9-331a-899d-a82a60b9f60c,c6c2ea9d-d4f3-2098-035a-f28eb5af75a7,1535362,sodium fluoride 0.0272 MG/MG Oral Gel,129.94,103.95,1,129.94,66383009,Gingivitis (disorder)
2022-03-13T06:04:01Z,2023-03-19T06:04:01Z,41bc5809-ccdf-2215-dc4f-83f4520ada66,a735bf55-83e9-331a-899d-a82a60b9f60c,c5915349-761c-0504-5437-7c5e20106357,310798,Hydrochlorothiazide 25 MG Oral Tablet,0.45,0.36,4,1.80,59621000,Essential hypertension (disorder)
2022-07-07T06:04:01Z,2022-08-26T06:04:01Z,41bc5809-ccdf-2215-dc4f-83f4520ada66,a735bf55-83e9-331a-899d-a82a60b9f60c,29d926c4-ec5d-380c-f27c-8fb5a67bbb74,310965,Ibuprofen 200 MG Oral Tablet,136.78,109.42,1,136.78,,
2023-03-19T06:04:01Z,2024-03-24T06:04:01Z,41bc5809-ccdf-2215-dc4f-83f4520ada66,a735bf55-83e9-331a-899d-a82a60b9f60c,6c3aade4-ecd4-332d-9be2-4221d73e6185,310798,Hydrochlorothiazide 25 MG Oral Tablet,0.45,0.00,4,1.80,59621000,Essential hypertension (disorder)
2024-03-24T06:04:01Z,2025-03-30T06:04:01Z,41bc5809-ccdf-2215-dc4f-83f4520ada66,a735bf55-83e9-331a-899d-a82a60b9f60c,8e5fac9d-62c5-a5f3-ca28-76d044107a4a,310798,Hydrochlorothiazide 25 MG Oral Tablet,0.45,0.00,4,1.80,59621000,Essential hypertension (disorder)
2025-03-30T06:04:01Z,,41bc5809-ccdf-2215-dc4f-83f4520ada66,a735bf55-83e9-331a-899d-a82a60b9f60c,48a06cd8-c36d-f71c-e17f-f05994152cb5,310798,Hydrochlorothiazide 25 MG Oral Tablet,0.53,0.00,1,0.53,59621000,Essential hypertension (disorder)
2011-02-09T23:17:36Z,,fde5557b-6e41-d62e-a083-1b7a61c0b0f5,e03e23c9-4df1-3eb6-a62d-f70f02301496,bd7177f5-8694-da91-8ac9-939b4810a619,310325,ferrous sulfate 325 MG Oral Tablet,0.15,0.00,172,25.80,,
2015-02-25T21:52:52Z,2016-03-02T21:52:52Z,fde5557b-6e41-d62e-a083-1b7a61c0b0f5,e03e23c9-4df1-3eb6-a62d-f70f02301496,4badcbe4-80b9-3ca1-e101-f36ea4b9106d,310798,Hydrochlorothiazide 25 MG Oral Tablet,0.45,0.00,4,1.80,59621000,Essential hypertension (disorder)
2015-02-25T21:52:52Z,2016-03-02T21:52:52Z,fde5557b-6e41-d62e-a083-1b7a61c0b0f5,e03e23c9-4df1-3eb6-a62d-f70f02301496,4badcbe4-80b9-3ca1-e101-f36ea4b9106d,314076,lisinopril 10 MG Oral Tablet,0.91,0.00,4,3.64,59621000,Essential hypertension (disorder)
2016-03-02T21:52:52Z,2017-03-08T21:52:52Z,fde5557b-6e41-d62e-a083-1b7a61c0b0f5,e03e23c9-4df1-3eb6-a62d-f70f02301496,f1ab3369-6d37-fb83-fea7-ca1da55de774,310798,Hydrochlorothiazide 25 MG Oral Tablet,0.91,0.00,4,3.64,59621000,Essential hypertension (disorder)
2016-03-02T21:52:52Z,2017-03-08T21:52:52Z,fde5557b-6e41-d62e-a083-1b7a61c0b0f5,e03e23c9-4df1-3eb6-a62d-f70f02301496,f1ab3369-6d37-fb83-fea7-ca1da55de774,314076,lisinopril 10 MG Oral Tablet,0.91,0.00,4,3.64,59621000,Essential hypertension (disorder)
2017-03-08T21:52:52Z,2018-03-14T21:52:52Z,fde5557b-6e41-d62e-a083-1b7a61c0b0f5,e03e23c9-4df1-3eb6-a62d-f70f02301496,868a850a-7cf2-8daf-4bcf-7c9942fc0b82,310798,Hydrochlorothiazide 25 MG Oral Tablet,0.91,0.00,4,3.64,59621000,Essential hypertension (disorder)
2017-03-08T21:52:52Z,2018-03-14T21:52:52Z,fde5557b-6e41-d62e-a083-1b7a61c0b0f5,e03e23c9-4df1-3eb6-a62d-f70f02301496,868a850a-7cf2-8daf-4bcf-7c9942fc0b82,314076,lisinopril 10 MG Oral Tablet,0.91,0.00,4,3.64,59621000,Essential hypertension (disorder)
2018-03-14T21:52:52Z,2019-03-20T21:52:52Z,fde5557b-6e41-d62e-a083-1b7a61c0b0f5,e03e23c9-4df1-3eb6-a62d-f70f02301496,13eff9f3-a402-03c3-14e8-c2f6ab33b39a,310798,Hydrochlorothiazide 25 MG Oral Tablet,0.57,0.00,4,2.28,59621000,Essential hypertension (disorder)
2018-03-14T21:52:52Z,2019-03-20T21:52:52Z,fde5557b-6e41-d62e-a083-1b7a61c0b0f5,e03e23c9-4df1-3eb6-a62d-f70f02301496,13eff9f3-a402-03c3-14e8-c2f6ab33b39a,314076,lisinopril 10 MG Oral Tablet,0.91,0.00,4,3.64,59621000,Essential hypertension (disorder)
2019-03-20T21:52:52Z,2020-01-08T21:52:52Z,fde5557b-6e41-d62e-a083-1b7a61c0b0f5,e03e23c9-4df1-3eb6-a62d-f70f02301496,f3f08aa9-29f5-275c-784b-aa120977a682,310798,Hydrochlorothiazide 25 MG Oral Tablet,0.91,0.00,3,2.73,59621000,Essential hypertension (disorder)
2019-03-20T21:52:52Z,2020-01-08T21:52:52Z,fde5557b-6e41-d62e-a083-1b7a61c0b0f5,e03e23c9-4df1-3eb6-a62d-f70f02301496,f3f08aa9-29f5-275c-784b-aa120977a682,314076,lisinopril 10 MG Oral Tablet,0.91,0.00,3,2.73,59621000,Essential hypertension (disorder)
2020-01-08T21:52:52Z,2020-03-25T21:52:52Z,fde5557b-6e41-d62e-a083-1b7a61c0b0f5,e03e23c9-4df1-3eb6-a62d-f70f02301496,b7b4c008-4efd-ff04-1fa5-24735e05bee2,310798,Hydrochlorothiazide 25 MG Oral Tablet,0.52,0.00,1,0.52,59621000,Essential hypertension (disorder)
2020-01-08T21:52:52Z,2020-03-25T21:52:52Z,fde5557b-6e41-d62e-a083-1b7a61c0b0f5,e03e23c9-4df1-3eb6-a62d-f70f02301496,b7b4c008-4efd-ff04-1fa5-24735e05bee2,314076,lisinopril 10 MG Oral Tablet,0.91,0.00,1,0.91,59621000,Essential hypertension (disorder)
2020-01-08T21:52:52Z,2020-03-25T21:52:52Z,fde5557b-6e41-d62e-a083-1b7a61c0b0f5,e03e23c9-4df1-3eb6-a62d-f70f02301496,b7b4c008-4efd-ff04-1fa5-24735e05bee2,106892,insulin isophane  human 70 UNT/ML / insulin  regular  human 30 UNT/ML Injectable Suspension [Humulin],172.43,0.00,2,344.86,714628002,Prediabetes (finding)
2020-03-25T21:52:52Z,2020-10-07T21:52:52Z,fde5557b-6e41-d62e-a083-1b7a61c0b0f5,e03e23c9-4df1-3eb6-a62d-f70f02301496,9b915bb6-021b-f0b1-0422-bbeb20ba7e33,106892,insulin isophane  human 70 UNT/ML / insulin  regular  human 30 UNT/ML Injectable Suspension [Humulin],209.08,0.00,6,1254.48,714628002,Prediabetes (finding)
2020-03-25T21:52:52Z,2020-10-07T21:52:52Z,fde5557b-6e41-d62e-a083-1b7a61c0b0f5,e03e23c9-4df1-3eb6-a62d-f70f02301496,9b915bb6-021b-f0b1-0422-bbeb20ba7e33,310798,Hydrochlorothiazide 25 MG Oral Tablet,0.45,0.00,2,0.90,59621000,Essential hypertension (disorder)
2020-03-25T21:52:52Z,2020-10-07T21:52:52Z,fde5557b-6e41-d62e-a083-1b7a61c0b0f5,e03e23c9-4df1-3eb6-a62d-f70f02301496,9b915bb6-021b-f0b1-0422-bbeb20ba7e33,314076,lisinopril 10 MG Oral Tablet,0.91,0.00,2,1.82,59621000,Essential hypertension (disorder)
2020-10-07T21:52:52Z,2021-03-31T21:52:52Z,fde5557b-6e41-d62e-a083-1b7a61c0b0f5,e03e23c9-4df1-3eb6-a62d-f70f02301496,3b2829cc-3748-a499-7fdb-504aaf78d252,106892,insulin isophane  human 70 UNT/ML / insulin  regular  human 30 UNT/ML Injectable Suspension [Humulin],126.89,0.00,5,634.45,714628002,Prediabetes (finding)
2020-10-07T21:52:52Z,2021-03-31T21:52:52Z,fde5557b-6e41-d62e-a083-1b7a61c0b0f5,e03e23c9-4df1-3eb6-a62d-f70f02301496,3b2829cc-3748-a499-7fdb-504aaf78d252,310798,Hydrochlorothiazide 25 MG Oral Tablet,0.91,0.00,1,0.91,59621000,Essential hypertension (disorder)
2020-10-07T21:52:52Z,2021-03-31T21:52:52Z,fde5557b-6e41-d62e-a083-1b7a61c0b0f5,e03e23c9-4df1-3eb6-a62d-f70f02301496,3b2829cc-3748-a499-7fdb-504aaf78d252,314076,lisinopril 10 MG Oral Tablet,0.91,0.00,1,0.91,59621000,Essential hypertension (disorder)
2021-03-31T21:52:52Z,2022-02-23T21:52:52Z,fde5557b-6e41-d62e-a083-1b7a61c0b0f5,e03e23c9-4df1-3eb6-a62d-f70f02301496,0adcdd8a-0db5-b300-e3fa-408361ae6081,106892,insulin isophane  human 70 UNT/ML / insulin  regular  human 30 UNT/ML Injectable Suspension [Humulin],258.34,0.00,10,2583.40,714628002,Prediabetes (finding)
2021-03-31T21:52:52Z,2022-02-23T21:52:52Z,fde5557b-6e41-d62e-a083-1b7a61c0b0f5,e03e23c9-4df1-3eb6-a62d-f70f02301496,0adcdd8a-0db5-b300-e3fa-408361ae6081,310798,Hydrochlorothiazide 25 MG Oral Tablet,0.45,0.00,3,1.35,59621000,Essential hypertension (disorder)
2021-03-31T21:52:52Z,2022-02-23T21:52:52Z,fde5557b-6e41-d62e-a083-1b7a61c0b0f5,e03e23c9-4df1-3eb6-a62d-f70f02301496,0adcdd8a-0db5-b300-e3fa-408361ae6081,314076,lisinopril 10 MG Oral Tablet,0.91,0.00,3,2.73,59621000,Essential hypertension (disorder)
2021-04-15T00:15:57Z,2021-04-15T00:15:57Z,fde5557b-6e41-d62e-a083-1b7a61c0b0f5,e03e23c9-4df1-3eb6-a62d-f70f02301496,09d633d3-2b40-cc63-075b-7300bee907d9,1535362,sodium fluoride 0.0272 MG/MG Oral Gel,129.94,0.00,1,129.94,103697008,Patient referral for dental care (procedure)
2022-02-23T21:52:52Z,2022-04-06T21:52:52Z,fde5557b-6e41-d62e-a083-1b7a61c0b0f5,e03e23c9-4df1-3eb6-a62d-f70f02301496,4d9f4700-51bf-752c-3195-8f31a95ac13a,106892,insulin isophane  human 70 UNT/ML / insulin  regular  human 30 UNT/ML Injectable Suspension [Humulin],507.86,0.00,1,507.86,714628002,Prediabetes (finding)
2022-02-23T21:52:52Z,2022-04-06T21:52:52Z,fde5557b-6e41-d62e-a083-1b7a61c0b0f5,e03e23c9-4df1-3eb6-a62d-f70f02301496,4d9f4700-51bf-752c-3195-8f31a95ac13a,310798,Hydrochlorothiazide 25 MG Oral Tablet,0.58,0.00,1,0.58,59621000,Essential hypertension (disorder)
2022-02-23T21:52:52Z,2022-04-06T21:52:52Z,fde5557b-6e41-d62e-a083-1b7a61c0b0f5,e03e23c9-4df1-3eb6-a62d-f70f02301496,4d9f4700-51bf-752c-3195-8f31a95ac13a,314076,lisinopril 10 MG Oral Tablet,0.91,0.00,1,0.91,59621000,Essential hypertension (disorder)
2022-04-06T21:52:52Z,2022-11-23T21:52:52Z,fde5557b-6e41-d62e-a083-1b7a61c0b0f5,e03e23c9-4df1-3eb6-a62d-f70f02301496,942003bc-a7ae-c77b-0be6-09bcb942c73d,106892,insulin isophane  human 70 UNT/ML / insulin  regular  human 30 UNT/ML Injectable Suspension [Humulin],211.13,0.00,7,1477.91,714628002,Prediabetes (finding)
2022-04-06T21:52:52Z,2022-11-23T21:52:52Z,fde5557b-6e41-d62e-a083-1b7a61c0b0f5,e03e23c9-4df1-3eb6-a62d-f70f02301496,942003bc-a7ae-c77b-0be6-09bcb942c73d,310798,Hydrochlorothiazide 25 MG Oral Tablet,0.45,0.00,2,0.90,59621000,Essential hypertension (disorder)
2022-04-06T21:52:52Z,2022-11-23T21:52:52Z,fde5557b-6e41-d62e-a083-1b7a61c0b0f5,e03e23c9-4df1-3eb6-a62d-f70f02301496,942003bc-a7ae-c77b-0be6-09bcb942c73d,314076,lisinopril 10 MG Oral Tablet,0.91,0.00,2,1.82,59621000,Essential hypertension (disorder)
2022-11-23T21:52:52Z,2023-01-25T21:52:52Z,fde5557b-6e41-d62e-a083-1b7a61c0b0f5,e03e23c9-4df1-3eb6-a62d-f70f02301496,a3b02e93-cd4c-45b8-bb52-b7c604a7d9eb,106892,insulin isophane  human 70 UNT/ML / insulin  regular  human 30 UNT/ML Injectable Suspension [Humulin],507.86,0.00,2,1015.72,714628002,Prediabetes (finding)
2022-11-23T21:52:52Z,2023-01-25T21:52:52Z,fde5557b-6e41-d62e-a083-1b7a61c0b0f5,e03e23c9-4df1-3eb6-a62d-f70f02301496,a3b02e93-cd4c-45b8-bb52-b7c604a7d9eb,310798,Hydrochlorothiazide 25 MG Oral Tablet,0.48,0.00,1,0.48,59621000,Essential hypertension (disorder)
2022-11-23T21:52:52Z,2023-01-25T21:52:52Z,fde5557b-6e41-d62e-a083-1b7a61c0b0f5,e03e23c9-4df1-3eb6-a62d-f70f02301496,a3b02e93-cd4c-45b8-bb52-b7c604a7d9eb,314076,lisinopril 10 MG Oral Tablet,0.91,0.00,1,0.91,59621000,Essential hypertension (disorder)
2022-12-08T00:49:39Z,2022-12-08T00:49:39Z,fde5557b-6e41-d62e-a083-1b7a61c0b0f5,e03e23c9-4df1-3eb6-a62d-f70f02301496,2e142769-aebe-ab14-0b77-a73757d83353,1535362,sodium fluoride 0.0272 MG/MG Oral Gel,129.94,0.00,1,129.94,66383009,Gingivitis (disorder)
2023-01-25T21:52:52Z,2023-03-22T21:52:52Z,fde5557b-6e41-d62e-a083-1b7a61c0b0f5,e03e23c9-4df1-3eb6-a62d-f70f02301496,76dfe0bb-eb54-11f3-e72e-95871b4add57,106892,insulin isophane  human 70 UNT/ML / insulin  regular  human 30 UNT/ML Injectable Suspension [Humulin],331.06,0.00,1,331.06,714628002,Prediabetes (finding)
2023-01-25T21:52:52Z,2023-03-22T21:52:52Z,fde5557b-6e41-d62e-a083-1b7a61c0b0f5,e03e23c9-4df1-3eb6-a62d-f70f02301496,76dfe0bb-eb54-11f3-e72e-95871b4add57,310798,Hydrochlorothiazide 25 MG Oral Tablet,0.45,0.00,1,0.45,59621000,Essential hypertension (disorder)
2023-01-25T21:52:52Z,2023-03-22T21:52:52Z,fde5557b-6e41-d62e-a083-1b7a61c0b0f5,e03e23c9-4df1-3eb6-a62d-f70f02301496,76dfe0bb-eb54-11f3-e72e-95871b4add57,314076,lisinopril 10 MG Oral Tablet,0.91,0.00,1,0.91,59621000,Essential hypertension (disorder)
2023-02-09T00:35:07Z,2023-02-09T00:35:07Z,fde5557b-6e41-d62e-a083-1b7a61c0b0f5,e03e23c9-4df1-3eb6-a62d-f70f02301496,46fd3676-4700-dbb0-b037-9c08930d33e8,1535362,sodium fluoride 0.0272 MG/MG Oral Gel,129.94,0.00,1,129.94,66383009,Gingivitis (disorder)
2023-03-22T21:52:52Z,2023-04-19T21:52:52Z,fde5557b-6e41-d62e-a083-1b7a61c0b0f5,e03e23c9-4df1-3eb6-a62d-f70f02301496,c93b2f77-72ac-c11c-3ca0-7ab10a4cdb2d,106892,insulin isophane  human 70 UNT/ML / insulin  regular  human 30 UNT/ML Injectable Suspension [Humulin],126.89,0.00,1,126.89,714628002,Prediabetes (finding)
2023-03-22T21:52:52Z,2023-04-19T21:52:52Z,fde5557b-6e41-d62e-a083-1b7a61c0b0f5,e03e23c9-4df1-3eb6-a62d-f70f02301496,c93b2f77-72ac-c11c-3ca0-7ab10a4cdb2d,310798,Hydrochlorothiazide 25 MG Oral Tablet,0.91,0.00,1,0.91,59621000,Essential hypertension (disorder)
2023-03-22T21:52:52Z,2023-04-19T21:52:52Z,fde5557b-6e41-d62e-a083-1b7a61c0b0f5,e03e23c9-4df1-3eb6-a62d-f70f02301496,c93b2f77-72ac-c11c-3ca0-7ab10a4cdb2d,314076,lisinopril 10 MG Oral Tablet,0.91,0.00,1,0.91,59621000,Essential hypertension (disorder)
2023-04-06T00:22:12Z,2023-04-06T00:22:12Z,fde5557b-6e41-d62e-a083-1b7a61c0b0f5,e03e23c9-4df1-3eb6-a62d-f70f02301496,2a0151c6-30e2-cf38-819c-9e919482cb91,1535362,sodium fluoride 0.0272 MG/MG Oral Gel,129.94,0.00,1,129.94,66383009,Gingivitis (disorder)
2023-04-19T21:52:52Z,2023-08-30T21:52:52Z,fde5557b-6e41-d62e-a083-1b7a61c0b0f5,e03e23c9-4df1-3eb6-a62d-f70f02301496,7b623465-b1db-3d2d-5018-c44ed980abd2,106892,insulin isophane  human 70 UNT/ML / insulin  regular  human 30 UNT/ML Injectable Suspension [Humulin],376.06,0.00,4,1504.24,714628002,Prediabetes (finding)
2023-04-19T21:52:52Z,2023-08-30T21:52:52Z,fde5557b-6e41-d62e-a083-1b7a61c0b0f5,e03e23c9-4df1-3eb6-a62d-f70f02301496,7b623465-b1db-3d2d-5018-c44ed980abd2,310798,Hydrochlorothiazide 25 MG Oral Tablet,0.79,0.00,1,0.79,59621000,Essential hypertension (disorder)
2023-04-19T21:52:52Z,2023-08-30T21:52:52Z,fde5557b-6e41-d62e-a083-1b7a61c0b0f5,e03e23c9-4df1-3eb6-a62d-f70f02301496,7b623465-b1db-3d2d-5018-c44ed980abd2,314076,lisinopril 10 MG Oral Tablet,0.91,0.00,1,0.91,59621000,Essential hypertension (disorder)
2023-05-04T03:40:08Z,2023-05-04T03:40:08Z,fde5557b-6e41-d62e-a083-1b7a61c0b0f5,e03e23c9-4df1-3eb6-a62d-f70f02301496,619665ee-f353-e4c0-7bba-e395d104ae1f,1535362,sodium fluoride 0.0272 MG/MG Oral Gel,129.94,0.00,1,129.94,103697008,Patient referral for dental care (procedure)
2023-08-30T21:52:52Z,2023-09-06T21:52:52Z,fde5557b-6e41-d62e-a083-1b7a61c0b0f5,e03e23c9-4df1-3eb6-a62d-f70f02301496,814fca26-1644-810d-4149-9b329741be08,106892,insulin isophane  human 70 UNT/ML / insulin  regular  human 30 UNT/ML Injectable Suspension [Humulin],190.72,0.00,1,190.72,714628002,Prediabetes (finding)
2023-08-30T21:52:52Z,2023-09-06T21:52:52Z,fde5557b-6e41-d62e-a083-1b7a61c0b0f5,e03e23c9-4df1-3eb6-a62d-f70f02301496,814fca26-1644-810d-4149-9b329741be08,310798,Hydrochlorothiazide 25 MG Oral Tablet,0.46,0.00,1,0.46,59621000,Essential hypertension (disorder)
2023-08-30T21:52:52Z,2023-09-06T21:52:52Z,fde5557b-6e41-d62e-a083-1b7a61c0b0f5,e03e23c9-4df1-3eb6-a62d-f70f02301496,814fca26-1644-810d-4149-9b329741be08,314076,lisinopril 10 MG Oral Tablet,0.91,0.00,1,0.91,59621000,Essential hypertension (disorder)
2023-09-06T21:52:52Z,2023-09-13T21:52:52Z,fde5557b-6e41-d62e-a083-1b7a61c0b0f5,e03e23c9-4df1-3eb6-a62d-f70f02301496,89ba48dd-f23c-1d85-e98e-ae839e973e88,106892,insulin isophane  human 70 UNT/ML / insulin  regular  human 30 UNT/ML Injectable Suspension [Humulin],126.89,0.00,1,126.89,714628002,Prediabetes (finding)
2023-09-06T21:52:52Z,2023-09-13T21:52:52Z,fde5557b-6e41-d62e-a083-1b7a61c0b0f5,e03e23c9-4df1-3eb6-a62d-f70f02301496,89ba48dd-f23c-1d85-e98e-ae839e973e88,310798,Hydrochlorothiazide 25 MG Oral Tablet,0.45,0.00,1,0.45,59621000,Essential hypertension (disorder)
2023-09-06T21:52:52Z,2023-09-13T21:52:52Z,fde5557b-6e41-d62e-a083-1b7a61c0b0f5,e03e23c9-4df1-3eb6-a62d-f70f02301496,89ba48dd-f23c-1d85-e98e-ae839e973e88,314076,lisinopril 10 MG Oral Tablet,0.91,0.00,1,0.91,59621000,Essential hypertension (disorder)
2023-09-13T21:52:52Z,2023-09-20T21:52:52Z,fde5557b-6e41-d62e-a083-1b7a61c0b0f5,e03e23c9-4df1-3eb6-a62d-f70f02301496,774aec52-5c8a-7453-c7e2-a7be2f68d5a3,106892,insulin isophane  human 70 UNT/ML / insulin  regular  human 30 UNT/ML Injectable Suspension [Humulin],126.89,0.00,1,126.89,714628002,Prediabetes (finding)
2023-09-13T21:52:52Z,2023-09-20T21:52:52Z,fde5557b-6e41-d62e-a083-1b7a61c0b0f5,e03e23c9-4df1-3eb6-a62d-f70f02301496,774aec52-5c8a-7453-c7e2-a7be2f68d5a3,310798,Hydrochlorothiazide 25 MG Oral Tablet,0.45,0.00,1,0.45,59621000,Essential hypertension (disorder)
2023-09-13T21:52:52Z,2023-09-20T21:52:52Z,fde5557b-6e41-d62e-a083-1b7a61c0b0f5,e03e23c9-4df1-3eb6-a62d-f70f02301496,774aec52-5c8a-7453-c7e2-a7be2f68d5a3,314076,lisinopril 10 MG Oral Tablet,0.91,0.00,1,0.91,59621000,Essential hypertension (disorder)
2023-09-20T21:52:52Z,2023-09-27T21:52:52Z,fde5557b-6e41-d62e-a083-1b7a61c0b0f5,e03e23c9-4df1-3eb6-a62d-f70f02301496,90c06c50-8a59-63eb-201f-23d35d3dd079,106892,insulin isophane  human 70 UNT/ML / insulin  regular  human 30 UNT/ML Injectable Suspension [Humulin],126.89,0.00,1,126.89,714628002,Prediabetes (finding)
2023-09-20T21:52:52Z,2023-09-27T21:52:52Z,fde5557b-6e41-d62e-a083-1b7a61c0b0f5,e03e23c9-4df1-3eb6-a62d-f70f02301496,90c06c50-8a59-63eb-201f-23d35d3dd079,310798,Hydrochlorothiazide 25 MG Oral Tablet,0.45,0.00,1,0.45,59621000,Essential hypertension (disorder)
2023-09-20T21:52:52Z,2023-09-27T21:52:52Z,fde5557b-6e41-d62e-a083-1b7a61c0b0f5,e03e23c9-4df1-3eb6-a62d-f70f02301496,90c06c50-8a59-63eb-201f-23d35d3dd079,314076,lisinopril 10 MG Oral Tablet,0.91,0.00,1,0.91,59621000,Essential hypertension (disorder)
2023-09-27T21:52:52Z,2023-10-04T21:52:52Z,fde5557b-6e41-d62e-a083-1b7a61c0b0f5,e03e23c9-4df1-3eb6-a62d-f70f02301496,d2c16225-cfd1-304f-c19c-cc885b4915a8,106892,insulin isophane  human 70 UNT/ML / insulin  regular  human 30 UNT/ML Injectable Suspension [Humulin],507.86,0.00,1,507.86,714628002,Prediabetes (finding)
2023-09-27T21:52:52Z,2023-10-04T21:52:52Z,fde5557b-6e41-d62e-a083-1b7a61c0b0f5,e03e23c9-4df1-3eb6-a62d-f70f02301496,d2c16225-cfd1-304f-c19c-cc885b4915a8,310798,Hydrochlorothiazide 25 MG Oral Tablet,0.45,0.00,1,0.45,59621000,Essential hypertension (disorder)
2023-09-27T21:52:52Z,2023-10-04T21:52:52Z,fde5557b-6e41-d62e-a083-1b7a61c0b0f5,e03e23c9-4df1-3eb6-a62d-f70f02301496,d2c16225-cfd1-304f-c19c-cc885b4915a8,314076,lisinopril 10 MG Oral Tablet,0.91,0.00,1,0.91,59621000,Essential hypertension (disorder)
2023-10-04T21:52:52Z,2023-10-11T21:52:52Z,fde5557b-6e41-d62e-a083-1b7a61c0b0f5,e03e23c9-4df1-3eb6-a62d-f70f02301496,bd3a0853-3c43-02c4-ff74-95c6af8c9ee1,106892,insulin isophane  human 70 UNT/ML / insulin  regular  human 30 UNT/ML Injectable Suspension [Humulin],507.86,0.00,1,507.86,714628002,Prediabetes (finding)
2023-10-04T21:52:52Z,2023-10-11T21:52:52Z,fde5557b-6e41-d62e-a083-1b7a61c0b0f5,e03e23c9-4df1-3eb6-a62d-f70f02301496,bd3a0853-3c43-02c4-ff74-95c6af8c9ee1,310798,Hydrochlorothiazide 25 MG Oral Tablet,0.45,0.00,1,0.45,59621000,Essential hypertension (disorder)
2023-10-04T21:52:52Z,2023-10-11T21:52:52Z,fde5557b-6e41-d62e-a083-1b7a61c0b0f5,e03e23c9-4df1-3eb6-a62d-f70f02301496,bd3a0853-3c43-02c4-ff74-95c6af8c9ee1,314076,lisinopril 10 MG Oral Tablet,0.91,0.00,1,0.91,59621000,Essential hypertension (disorder)
2023-10-11T21:52:52Z,2023-10-18T21:52:52Z,fde5557b-6e41-d62e-a083-1b7a61c0b0f5,e03e23c9-4df1-3eb6-a62d-f70f02301496,cfdd6b00-3366-53eb-bb76-5e86326f1cfc,106892,insulin isophane  human 70 UNT/ML / insulin  regular  human 30 UNT/ML Injectable Suspension [Humulin],368.60,0.00,1,368.60,714628002,Prediabetes (finding)
2023-10-11T21:52:52Z,2023-10-18T21:52:52Z,fde5557b-6e41-d62e-a083-1b7a61c0b0f5,e03e23c9-4df1-3eb6-a62d-f70f02301496,cfdd6b00-3366-53eb-bb76-5e86326f1cfc,310798,Hydrochlorothiazide 25 MG Oral Tablet,0.87,0.00,1,0.87,59621000,Essential hypertension (disorder)
2023-10-11T21:52:52Z,2023-10-18T21:52:52Z,fde5557b-6e41-d62e-a083-1b7a61c0b0f5,e03e23c9-4df1-3eb6-a62d-f70f02301496,cfdd6b00-3366-53eb-bb76-5e86326f1cfc,314076,lisinopril 10 MG Oral Tablet,0.91,0.00,1,0.91,59621000,Essential hypertension (disorder)
2023-10-18T21:52:52Z,2023-10-25T21:52:52Z,fde5557b-6e41-d62e-a083-1b7a61c0b0f5,e03e23c9-4df1-3eb6-a62d-f70f02301496,751528df-6581-3e0f-849e-d80d578772f6,106892,insulin isophane  human 70 UNT/ML / insulin  regular  human 30 UNT/ML Injectable Suspension [Humulin],131.22,0.00,1,131.22,714628002,Prediabetes (finding)
2023-10-18T21:52:52Z,2023-10-25T21:52:52Z,fde5557b-6e41-d62e-a083-1b7a61c0b0f5,e03e23c9-4df1-3eb6-a62d-f70f02301496,751528df-6581-3e0f-849e-d80d578772f6,310798,Hydrochlorothiazide 25 MG Oral Tablet,0.91,0.00,1,0.91,59621000,Essential hypertension (disorder)
2023-10-18T21:52:52Z,2023-10-25T21:52:52Z,fde5557b-6e41-d62e-a083-1b7a61c0b0f5,e03e23c9-4df1-3eb6-a62d-f70f02301496,751528df-6581-3e0f-849e-d80d578772f6,314076,lisinopril 10 MG Oral Tablet,0.91,0.00,1,0.91,59621000,Essential hypertension (disorder)
2023-10-25T21:52:52Z,2023-11-01T21:52:52Z,fde5557b-6e41-d62e-a083-1b7a61c0b0f5,e03e23c9-4df1-3eb6-a62d-f70f02301496,e8f67772-4d75-6442-1d9e-97eb8ff22714,106892,insulin isophane  human 70 UNT/ML / insulin  regular  human 30 UNT/ML Injectable Suspension [Humulin],151.66,0.00,1,151.66,714628002,Prediabetes (finding)
2023-10-25T21:52:52Z,2023-11-01T21:52:52Z,fde5557b-6e41-d62e-a083-1b7a61c0b0f5,e03e23c9-4df1-3eb6-a62d-f70f02301496,e8f67772-4d75-6442-1d9e-97eb8ff22714,310798,Hydrochlorothiazide 25 MG Oral Tablet,0.45,0.00,1,0.45,59621000,Essential hypertension (disorder)
2023-10-25T21:52:52Z,2023-11-01T21:52:52Z,fde5557b-6e41-d62e-a083-1b7a61c0b0f5,e03e23c9-4df1-3eb6-a62d-f70f02301496,e8f67772-4d75-6442-1d9e-97eb8ff22714,314076,lisinopril 10 MG Oral Tablet,0.91,0.00,1,0.91,59621000,Essential hypertension (disorder)
2023-11-01T21:52:52Z,2023-11-08T21:52:52Z,fde5557b-6e41-d62e-a083-1b7a61c0b0f5,e03e23c9-4df1-3eb6-a62d-f70f02301496,6584c2b7-bef8-adc0-1a9e-8b873e19d166,106892,insulin isophane  human 70 UNT/ML / insulin  regular  human 30 UNT/ML Injectable Suspension [Humulin],126.89,0.00,1,126.89,714628002,Prediabetes (finding)
2023-11-01T21:52:52Z,2023-11-08T21:52:52Z,fde5557b-6e41-d62e-a083-1b7a61c0b0f5,e03e23c9-4df1-3eb6-a62d-f70f02301496,6584c2b7-bef8-adc0-1a9e-8b873e19d166,310798,Hydrochlorothiazide 25 MG Oral Tablet,0.62,0.00,1,0.62,59621000,Essential hypertension (disorder)
2023-11-01T21:52:52Z,2023-11-08T21:52:52Z,fde5557b-6e41-d62e-a083-1b7a61c0b0f5,e03e23c9-4df1-3eb6-a62d-f70f02301496,6584c2b7-bef8-adc0-1a9e-8b873e19d166,314076,lisinopril 10 MG Oral Tablet,0.91,0.00,1,0.91,59621000,Essential hypertension (disorder)
2023-11-08T21:52:52Z,2023-11-15T21:52:52Z,fde5557b-6e41-d62e-a083-1b7a61c0b0f5,e03e23c9-4df1-3eb6-a62d-f70f02301496,8ed75b77-6e33-bc82-dca0-20047c4e7e6b,106892,insulin isophane  human 70 UNT/ML / insulin  regular  human 30 UNT/ML Injectable Suspension [Humulin],156.27,0.00,1,156.27,714628002,Prediabetes (finding)
2023-11-08T21:52:52Z,2023-11-15T21:52:52Z,fde5557b-6e41-d62e-a083-1b7a61c0b0f5,e03e23c9-4df1-3eb6-a62d-f70f02301496,8ed75b77-6e33-bc82-dca0-20047c4e7e6b,310798,Hydrochlorothiazide 25 MG Oral Tablet,0.45,0.00,1,0.45,59621000,Essential hypertension (disorder)
2023-11-08T21:52:52Z,2023-11-15T21:52:52Z,fde5557b-6e41-d62e-a083-1b7a61c0b0f5,e03e23c9-4df1-3eb6-a62d-f70f02301496,8ed75b77-6e33-bc82-dca0-20047c4e7e6b,314076,lisinopril 10 MG Oral Tablet,0.91,0.00,1,0.91,59621000,Essential hypertension (disorder)
2023-11-15T21:52:52Z,2023-11-22T21:52:52Z,fde5557b-6e41-d62e-a083-1b7a61c0b0f5,e03e23c9-4df1-3eb6-a62d-f70f02301496,66ce6694-ddf5-f926-aff0-82a456a854aa,106892,insulin isophane  human 70 UNT/ML / insulin  regular  human 30 UNT/ML Injectable Suspension [Humulin],140.96,0.00,1,140.96,714628002,Prediabetes (finding)
2023-11-15T21:52:52Z,2023-11-22T21:52:52Z,fde5557b-6e41-d62e-a083-1b7a61c0b0f5,e03e23c9-4df1-3eb6-a62d-f70f02301496,66ce6694-ddf5-f926-aff0-82a456a854aa,310798,Hydrochlorothiazide 25 MG Oral Tablet,0.45,0.00,1,0.45,59621000,Essential hypertension (disorder)
2023-11-15T21:52:52Z,2023-11-22T21:52:52Z,fde5557b-6e41-d62e-a083-1b7a61c0b0f5,e03e23c9-4df1-3eb6-a62d-f70f02301496,66ce6694-ddf5-f926-aff0-82a456a854aa,314076,lisinopril 10 MG Oral Tablet,0.91,0.00,1,0.91,59621000,Essential hypertension (disorder)
2023-11-22T21:52:52Z,2023-11-29T21:52:52Z,fde5557b-6e41-d62e-a083-1b7a61c0b0f5,e03e23c9-4df1-3eb6-a62d-f70f02301496,197e70b8-39b4-56b9-e927-ae23ec1e7100,106892,insulin isophane  human 70 UNT/ML / insulin  regular  human 30 UNT/ML Injectable Suspension [Humulin],126.89,0.00,1,126.89,714628002,Prediabetes (finding)
2023-11-22T21:52:52Z,2023-11-29T21:52:52Z,fde5557b-6e41-d62e-a083-1b7a61c0b0f5,e03e23c9-4df1-3eb6-a62d-f70f02301496,197e70b8-39b4-56b9-e927-ae23ec1e7100,310798,Hydrochlorothiazide 25 MG Oral Tablet,0.45,0.00,1,0.45,59621000,Essential hypertension (disorder)
2023-11-22T21:52:52Z,2023-11-29T21:52:52Z,fde5557b-6e41-d62e-a083-1b7a61c0b0f5,e03e23c9-4df1-3eb6-a62d-f70f02301496,197e70b8-39b4-56b9-e927-ae23ec1e7100,314076,lisinopril 10 MG Oral Tablet,0.91,0.00,1,0.91,59621000,Essential hypertension (disorder)
2023-11-29T21:52:52Z,2023-12-20T21:52:52Z,fde5557b-6e41-d62e-a083-1b7a61c0b0f5,e03e23c9-4df1-3eb6-a62d-f70f02301496,5a05d17c-a7f3-5c52-f6d5-3b97157a2702,106892,insulin isophane  human 70 UNT/ML / insulin  regular  human 30 UNT/ML Injectable Suspension [Humulin],264.99,0.00,1,264.99,714628002,Prediabetes (finding)
2023-11-29T21:52:52Z,2023-12-20T21:52:52Z,fde5557b-6e41-d62e-a083-1b7a61c0b0f5,e03e23c9-4df1-3eb6-a62d-f70f02301496,5a05d17c-a7f3-5c52-f6d5-3b97157a2702,310798,Hydrochlorothiazide 25 MG Oral Tablet,0.91,0.00,1,0.91,59621000,Essential hypertension (disorder)
2023-11-29T21:52:52Z,2023-12-20T21:52:52Z,fde5557b-6e41-d62e-a083-1b7a61c0b0f5,e03e23c9-4df1-3eb6-a62d-f70f02301496,5a05d17c-a7f3-5c52-f6d5-3b97157a2702,314076,lisinopril 10 MG Oral Tablet,0.91,0.00,1,0.91,59621000,Essential hypertension (disorder)
2023-12-06T21:52:52Z,2023-12-24T21:52:52Z,fde5557b-6e41-d62e-a083-1b7a61c0b0f5,e03e23c9-4df1-3eb6-a62d-f70f02301496,ef6154a7-7baa-799e-fded-651e1acb84d0,313782,Acetaminophen 325 MG Oral Tablet,55.10,0.00,1,55.10,10509002,Acute bronchitis (disorder)
2023-12-20T21:52:52Z,2024-01-17T21:52:52Z,fde5557b-6e41-d62e-a083-1b7a61c0b0f5,e03e23c9-4df1-3eb6-a62d-f70f02301496,59ea083d-45ca-93a4-7327-7087ef8ba8b6,106892,insulin isophane  human 70 UNT/ML / insulin  regular  human 30 UNT/ML Injectable Suspension [Humulin],126.89,0.00,1,126.89,714628002,Prediabetes (finding)
2023-12-20T21:52:52Z,2024-01-17T21:52:52Z,fde5557b-6e41-d62e-a083-1b7a61c0b0f5,e03e23c9-4df1-3eb6-a62d-f70f02301496,59ea083d-45ca-93a4-7327-7087ef8ba8b6,310798,Hydrochlorothiazide 25 MG Oral Tablet,0.45,0.00,1,0.45,59621000,Essential hypertension (disorder)
2023-12-20T21:52:52Z,2024-01-17T21:52:52Z,fde5557b-6e41-d62e-a083-1b7a61c0b0f5,e03e23c9-4df1-3eb6-a62d-f70f02301496,59ea083d-45ca-93a4-7327-7087ef8ba8b6,314076,lisinopril 10 MG Oral Tablet,0.91,0.00,1,0.91,59621000,Essential hypertension (disorder)
2024-01-17T21:52:52Z,2024-04-17T21:52:52Z,fde5557b-6e41-d62e-a083-1b7a61c0b0f5,e03e23c9-4df1-3eb6-a62d-f70f02301496,32026a92-ae9a-a857-11af-a255f81fecbb,106892,insulin isophane  human 70 UNT/ML / insulin  regular  human 30 UNT/ML Injectable Suspension [Humulin],164.23,0.00,3,492.69,714628002,Prediabetes (finding)
2024-01-17T21:52:52Z,2024-04-17T21:52:52Z,fde5557b-6e41-d62e-a083-1b7a61c0b0f5,e03e23c9-4df1-3eb6-a62d-f70f02301496,32026a92-ae9a-a857-11af-a255f81fecbb,310798,Hydrochlorothiazide 25 MG Oral Tablet,0.45,0.00,1,0.45,59621000,Essential hypertension (disorder)
2024-01-17T21:52:52Z,2024-04-17T21:52:52Z,fde5557b-6e41-d62e-a083-1b7a61c0b0f5,e03e23c9-4df1-3eb6-a62d-f70f02301496,32026a92-ae9a-a857-11af-a255f81fecbb,314076,lisinopril 10 MG Oral Tablet,0.91,0.00,1,0.91,59621000,Essential hypertension (disorder)
2024-01-24T21:52:52Z,,fde5557b-6e41-d62e-a083-1b7a61c0b0f5,e03e23c9-4df1-3eb6-a62d-f70f02301496,32026a92-ae9a-a857-11af-a255f81fecbb,309362,Clopidogrel 75 MG Oral Tablet,155.32,0.00,14,2174.48,,
2024-01-24T21:52:52Z,,fde5557b-6e41-d62e-a083-1b7a61c0b0f5,e03e23c9-4df1-3eb6-a62d-f70f02301496,32026a92-ae9a-a857-11af-a255f81fecbb,312961,Simvastatin 20 MG Oral Tablet,30.57,0.00,14,427.98,,
2024-01-24T21:52:52Z,,fde5557b-6e41-d62e-a083-1b7a61c0b0f5,e03e23c9-4df1-3eb6-a62d-f70f02301496,32026a92-ae9a-a857-11af-a255f81fecbb,866412,24 HR metoprolol succinate 100 MG Extended Release Oral Tablet,129.94,0.00,14,1819.16,,
2024-01-24T21:52:52Z,,fde5557b-6e41-d62e-a083-1b7a61c0b0f5,e03e23c9-4df1-3eb6-a62d-f70f02301496,32026a92-ae9a-a857-11af-a255f81fecbb,705129,Nitroglycerin 0.4 MG/ACTUAT Mucosal Spray,79.59,0.00,14,1114.26,,
2024-02-15T23:07:24Z,2024-02-15T23:07:24Z,fde5557b-6e41-d62e-a083-1b7a61c0b0f5,e03e23c9-4df1-3eb6-a62d-f70f02301496,5cddc0f9-6e20-e16c-d007-10e4873ec878,1665060,cefazolin 2000 MG Injection,129.94,0.00,1,129.94,,
2024-02-15T23:07:24Z,2024-02-15T23:07:24Z,fde5557b-6e41-d62e-a083-1b7a61c0b0f5,e03e23c9-4df1-3eb6-a62d-f70f02301496,5cddc0f9-6e20-e16c-d007-10e4873ec878,1659263,1 ML heparin sodium  porcine 5000 UNT/ML Injection,1.40,0.00,1,1.40,,
2024-02-15T23:07:24Z,2024-02-15T23:07:24Z,fde5557b-6e41-d62e-a083-1b7a61c0b0f5,e03e23c9-4df1-3eb6-a62d-f70f02301496,5cddc0f9-6e20-e16c-d007-10e4873ec878,1796676,25 ML protamine sulfate (USP) 10 MG/ML Injection,129.94,0.00,1,129.94,,
2024-02-15T23:10:24Z,2024-02-15T23:10:24Z,fde5557b-6e41-d62e-a083-1b7a61c0b0f5,e03e23c9-4df1-3eb6-a62d-f70f02301496,5cddc0f9-6e20-e16c-d007-10e4873ec878,311034,insulin  regular  human 100 UNT/ML Injectable Solution,129.94,0.00,1,129.94,,
2024-02-15T23:59:37Z,2024-02-15T23:59:37Z,fde5557b-6e41-d62e-a083-1b7a61c0b0f5,e03e23c9-4df1-3eb6-a62d-f70f02301496,5cddc0f9-6e20-e16c-d007-10e4873ec878,1740467,2 ML Ondansetron 2 MG/ML Injection,0.21,0.00,1,0.21,,
2024-02-15T23:59:37Z,2024-02-15T23:59:37Z,fde5557b-6e41-d62e-a083-1b7a61c0b0f5,e03e23c9-4df1-3eb6-a62d-f70f02301496,5cddc0f9-6e20-e16c-d007-10e4873ec878,311700,Midazolam 1 MG/ML Injectable Solution,0.11,0.00,1,0.11,,
2024-02-15T23:59:37Z,2024-02-15T23:59:37Z,fde5557b-6e41-d62e-a083-1b7a61c0b0f5,e03e23c9-4df1-3eb6-a62d-f70f02301496,5cddc0f9-6e20-e16c-d007-10e4873ec878,1808217,100 ML Propofol 10 MG/ML Injection,0.13,0.00,1,0.13,,
2024-02-15T23:59:37Z,2024-02-15T23:59:37Z,fde5557b-6e41-d62e-a083-1b7a61c0b0f5,e03e23c9-4df1-3eb6-a62d-f70f02301496,5cddc0f9-6e20-e16c-d007-10e4873ec878,1234995,Rocuronium bromide 10 MG/ML Injectable Solution,1.49,0.00,1,1.49,,
2024-02-15T23:59:37Z,2024-02-15T23:59:37Z,fde5557b-6e41-d62e-a083-1b7a61c0b0f5,e03e23c9-4df1-3eb6-a62d-f70f02301496,5cddc0f9-6e20-e16c-d007-10e4873ec878,542347,isoflurane 99.9 % Inhalation Solution,0.07,0.00,1,0.07,,
2024-02-15T23:59:37Z,2024-02-15T23:59:37Z,fde5557b-6e41-d62e-a083-1b7a61c0b0f5,e03e23c9-4df1-3eb6-a62d-f70f02301496,5cddc0f9-6e20-e16c-d007-10e4873ec878,1809104,5 ML SUFentanil 0.05 MG/ML Injection,2.40,0.00,1,2.40,,
2024-04-17T21:52:52Z,2024-04-24T21:52:52Z,fde5557b-6e41-d62e-a083-1b7a61c0b0f5,e03e23c9-4df1-3eb6-a62d-f70f02301496,8e53f6cc-a5c9-a900-f269-fa5e7e1dd787,106892,insulin isophane  human 70 UNT/ML / insulin  regular  human 30 UNT/ML Injectable Suspension [Humulin],507.86,0.00,1,507.86,714628002,Prediabetes (finding)
2024-04-17T21:52:52Z,2024-04-24T21:52:52Z,fde5557b-6e41-d62e-a083-1b7a61c0b0f5,e03e23c9-4df1-3eb6-a62d-f70f02301496,8e53f6cc-a5c9-a900-f269-fa5e7e1dd787,310798,Hydrochlorothiazide 25 MG Oral Tablet,0.45,0.00,1,0.45,59621000,Essential hypertension (disorder)
2024-04-17T21:52:52Z,2024-04-24T21:52:52Z,fde5557b-6e41-d62e-a083-1b7a61c0b0f5,e03e23c9-4df1-3eb6-a62d-f70f02301496,8e53f6cc-a5c9-a900-f269-fa5e7e1dd787,314076,lisinopril 10 MG Oral Tablet,0.91,0.00,1,0.91,59621000,Essential hypertension (disorder)
2024-04-24T21:52:52Z,2024-05-01T21:52:52Z,fde5557b-6e41-d62e-a083-1b7a61c0b0f5,e03e23c9-4df1-3eb6-a62d-f70f02301496,a21437a6-bfc5-79f8-e8aa-81f5abbbd383,106892,insulin isophane  human 70 UNT/ML / insulin  regular  human 30 UNT/ML Injectable Suspension [Humulin],288.38,0.00,1,288.38,714628002,Prediabetes (finding)
2024-04-24T21:52:52Z,2024-05-01T21:52:52Z,fde5557b-6e41-d62e-a083-1b7a61c0b0f5,e03e23c9-4df1-3eb6-a62d-f70f02301496,a21437a6-bfc5-79f8-e8aa-81f5abbbd383,310798,Hydrochlorothiazide 25 MG Oral Tablet,0.45,0.00,1,0.45,59621000,Essential hypertension (disorder)
2024-04-24T21:52:52Z,2024-05-01T21:52:52Z,fde5557b-6e41-d62e-a083-1b7a61c0b0f5,e03e23c9-4df1-3eb6-a62d-f70f02301496,a21437a6-bfc5-79f8-e8aa-81f5abbbd383,314076,lisinopril 10 MG Oral Tablet,0.91,0.00,1,0.91,59621000,Essential hypertension (disorder)
2024-05-01T21:52:52Z,2024-05-22T21:52:52Z,fde5557b-6e41-d62e-a083-1b7a61c0b0f5,e03e23c9-4df1-3eb6-a62d-f70f02301496,c3688d64-afbb-af24-366d-4a44cc138958,106892,insulin isophane  human 70 UNT/ML / insulin  regular  human 30 UNT/ML Injectable Suspension [Humulin],444.91,0.00,1,444.91,714628002,Prediabetes (finding)
2024-05-01T21:52:52Z,2024-05-22T21:52:52Z,fde5557b-6e41-d62e-a083-1b7a61c0b0f5,e03e23c9-4df1-3eb6-a62d-f70f02301496,c3688d64-afbb-af24-366d-4a44cc138958,310798,Hydrochlorothiazide 25 MG Oral Tablet,0.45,0.00,1,0.45,59621000,Essential hypertension (disorder)
2024-05-01T21:52:52Z,2024-05-22T21:52:52Z,fde5557b-6e41-d62e-a083-1b7a61c0b0f5,e03e23c9-4df1-3eb6-a62d-f70f02301496,c3688d64-afbb-af24-366d-4a44cc138958,314076,lisinopril 10 MG Oral Tablet,0.91,0.00,1,0.91,59621000,Essential hypertension (disorder)
2024-05-09T00:20:31Z,2024-05-09T00:20:31Z,fde5557b-6e41-d62e-a083-1b7a61c0b0f5,e03e23c9-4df1-3eb6-a62d-f70f02301496,3c9014df-a7cb-60f9-c8b4-281d84b6ddde,1535362,sodium fluoride 0.0272 MG/MG Oral Gel,129.94,0.00,1,129.94,103697008,Patient referral for dental care (procedure)
2024-05-22T21:52:52Z,2024-07-17T21:52:52Z,fde5557b-6e41-d62e-a083-1b7a61c0b0f5,e03e23c9-4df1-3eb6-a62d-f70f02301496,488175d4-15b6-6854-3988-e8ad1e61e4e4,106892,insulin isophane  human 70 UNT/ML / insulin  regular  human 30 UNT/ML Injectable Suspension [Humulin],126.89,0.00,1,126.89,714628002,Prediabetes (finding)
2024-05-22T21:52:52Z,2024-07-17T21:52:52Z,fde5557b-6e41-d62e-a083-1b7a61c0b0f5,e03e23c9-4df1-3eb6-a62d-f70f02301496,488175d4-15b6-6854-3988-e8ad1e61e4e4,310798,Hydrochlorothiazide 25 MG Oral Tablet,0.45,0.00,1,0.45,59621000,Essential hypertension (disorder)
2024-05-22T21:52:52Z,2024-07-17T21:52:52Z,fde5557b-6e41-d62e-a083-1b7a61c0b0f5,e03e23c9-4df1-3eb6-a62d-f70f02301496,488175d4-15b6-6854-3988-e8ad1e61e4e4,314076,lisinopril 10 MG Oral Tablet,0.91,0.00,1,0.91,59621000,Essential hypertension (disorder)
2024-06-06T00:47:28Z,2024-06-06T00:47:28Z,fde5557b-6e41-d62e-a083-1b7a61c0b0f5,e03e23c9-4df1-3eb6-a62d-f70f02301496,fabd93f5-a13b-bbfc-569e-8b7caadee778,1535362,sodium fluoride 0.0272 MG/MG Oral Gel,129.94,0.00,1,129.94,66383009,Gingivitis (disorder)
2024-07-17T21:52:52Z,2025-01-01T21:52:52Z,fde5557b-6e41-d62e-a083-1b7a61c0b0f5,e03e23c9-4df1-3eb6-a62d-f70f02301496,c97b1783-c31c-1e65-6289-c128b860206f,106892,insulin isophane  human 70 UNT/ML / insulin  regular  human 30 UNT/ML Injectable Suspension [Humulin],126.89,0.00,5,634.45,714628002,Prediabetes (finding)
2024-07-17T21:52:52Z,2025-01-01T21:52:52Z,fde5557b-6e41-d62e-a083-1b7a61c0b0f5,e03e23c9-4df1-3eb6-a62d-f70f02301496,c97b1783-c31c-1e65-6289-c128b860206f,310798,Hydrochlorothiazide 25 MG Oral Tablet,0.51,0.00,1,0.51,59621000,Essential hypertension (disorder)
2024-07-17T21:52:52Z,2025-01-01T21:52:52Z,fde5557b-6e41-d62e-a083-1b7a61c0b0f5,e03e23c9-4df1-3eb6-a62d-f70f02301496,c97b1783-c31c-1e65-6289-c128b860206f,314076,lisinopril 10 MG Oral Tablet,0.91,0.00,1,0.91,59621000,Essential hypertension (disorder)
2024-08-01T00:47:16Z,2024-08-01T00:47:16Z,fde5557b-6e41-d62e-a083-1b7a61c0b0f5,e03e23c9-4df1-3eb6-a62d-f70f02301496,a23bc986-dbd3-0e04-d8da-e3ed82a5895f,1535362,sodium fluoride 0.0272 MG/MG Oral Gel,129.94,0.00,1,129.94,66383009,Gingivitis (disorder)
2024-10-07T22:38:18Z,2024-10-23T22:38:18Z,fde5557b-6e41-d62e-a083-1b7a61c0b0f5,e03e23c9-4df1-3eb6-a62d-f70f02301496,a95b3133-7b50-973c-12dc-af6513b332f3,313782,Acetaminophen 325 MG Oral Tablet,45.86,0.00,1,45.86,,
2025-01-01T21:52:52Z,2025-01-08T21:52:52Z,fde5557b-6e41-d62e-a083-1b7a61c0b0f5,df166300-5a78-3502-a46a-832842197811,8f443f07-a32d-262f-36f7-05b892e034f6,106892,insulin isophane  human 70 UNT/ML / insulin  regular  human 30 UNT/ML Injectable Suspension [Humulin],126.89,0.00,1,126.89,714628002,Prediabetes (finding)
2025-01-01T21:52:52Z,2025-01-08T21:52:52Z,fde5557b-6e41-d62e-a083-1b7a61c0b0f5,df166300-5a78-3502-a46a-832842197811,8f443f07-a32d-262f-36f7-05b892e034f6,310798,Hydrochlorothiazide 25 MG Oral Tablet,0.45,0.00,1,0.45,59621000,Essential hypertension (disorder)
2025-01-01T21:52:52Z,2025-01-08T21:52:52Z,fde5557b-6e41-d62e-a083-1b7a61c0b0f5,df166300-5a78-3502-a46a-832842197811,8f443f07-a32d-262f-36f7-05b892e034f6,314076,lisinopril 10 MG Oral Tablet,0.91,0.00,1,0.91,59621000,Essential hypertension (disorder)
2025-01-08T21:52:52Z,2025-03-12T21:52:52Z,fde5557b-6e41-d62e-a083-1b7a61c0b0f5,df166300-5a78-3502-a46a-832842197811,f6c42595-8ff6-2029-00cd-6e6133975675,106892,insulin isophane  human 70 UNT/ML / insulin  regular  human 30 UNT/ML Injectable Suspension [Humulin],188.27,138.27,2,376.54,714628002,Prediabetes (finding)
2025-01-08T21:52:52Z,2025-03-12T21:52:52Z,fde5557b-6e41-d62e-a083-1b7a61c0b0f5,df166300-5a78-3502-a46a-832842197811,f6c42595-8ff6-2029-00cd-6e6133975675,310798,Hydrochlorothiazide 25 MG Oral Tablet,0.68,0.00,1,0.68,59621000,Essential hypertension (disorder)
2025-01-08T21:52:52Z,2025-03-12T21:52:52Z,fde5557b-6e41-d62e-a083-1b7a61c0b0f5,df166300-5a78-3502-a46a-832842197811,f6c42595-8ff6-2029-00cd-6e6133975675,314076,lisinopril 10 MG Oral Tablet,0.91,0.00,1,0.91,59621000,Essential hypertension (disorder)
2025-03-12T21:52:52Z,,fde5557b-6e41-d62e-a083-1b7a61c0b0f5,df166300-5a78-3502-a46a-832842197811,7c336dcb-733d-e650-a7b6-d4f91a170fa2,106892,insulin isophane  human 70 UNT/ML / insulin  regular  human 30 UNT/ML Injectable Suspension [Humulin],218.71,168.71,1,218.71,714628002,Prediabetes (finding)
2025-03-12T21:52:52Z,,fde5557b-6e41-d62e-a083-1b7a61c0b0f5,df166300-5a78-3502-a46a-832842197811,7c336dcb-733d-e650-a7b6-d4f91a170fa2,310798,Hydrochlorothiazide 25 MG Oral Tablet,0.49,0.00,1,0.49,59621000,Essential hypertension (disorder)
2025-03-12T21:52:52Z,,fde5557b-6e41-d62e-a083-1b7a61c0b0f5,df166300-5a78-3502-a46a-832842197811,7c336dcb-733d-e650-a7b6-d4f91a170fa2,314076,lisinopril 10 MG Oral Tablet,0.91,0.00,1,0.91,59621000,Essential hypertension (disorder)
